district,name,slug,url
东城区,东华门街道,donghuamen,https://kaisuo.me/posts/donghuamen.html
东城区,景山街道,jingshan,https://kaisuo.me/posts/jingshan.html
东城区,交道口街道,jiaodaokou,https://kaisuo.me/posts/jiaodaokou.html
东城区,安定门街道,andingmen,https://kaisuo.me/posts/andingmen.html
东城区,北新桥街道,beixinqiao,https://kaisuo.me/posts/beixinqiao.html
东城区,东四街道,dongsi,https://kaisuo.me/posts/dongsi.html
东城区,朝阳门街道,zhaoyangmen,https://kaisuo.me/posts/zhaoyangmen.html
东城区,建国门街道,jianguomen,https://kaisuo.me/posts/jianguomen.html
东城区,东直门街道,dongzhimen,https://kaisuo.me/posts/dongzhimen.html
东城区,和平里街道,hepingli,https://kaisuo.me/posts/hepingli.html
东城区,前门街道,qianmen,https://kaisuo.me/posts/qianmen.html
东城区,崇文门外街道,chongwenmenwai,https://kaisuo.me/posts/chongwenmenwai.html
东城区,东花市街道,donghuashi,https://kaisuo.me/posts/donghuashi.html
东城区,龙潭街道,longtan,https://kaisuo.me/posts/longtan.html
东城区,体育馆路街道,tiyuguanlu,https://kaisuo.me/posts/tiyuguanlu.html
东城区,天坛街道,tiantan,https://kaisuo.me/posts/tiantan.html
东城区,永定门外街道,yongdingmenwai,https://kaisuo.me/posts/yongdingmenwai.html
西城区,西长安街街道,xichanganjie,https://kaisuo.me/posts/xichanganjie.html
西城区,新街口街道,xinjiekou,https://kaisuo.me/posts/xinjiekou.html
西城区,月坛街道,yuetan,https://kaisuo.me/posts/yuetan.html
西城区,展览路街道,zhanlanlu,https://kaisuo.me/posts/zhanlanlu.html
西城区,德胜街道,desheng,https://kaisuo.me/posts/desheng.html
西城区,金融街街道,jinrongjie,https://kaisuo.me/posts/jinrongjie.html
西城区,什刹海街道,shenshahai,https://kaisuo.me/posts/shenshahai.html
西城区,大栅栏街道,dazhalan,https://kaisuo.me/posts/dazhalan.html
西城区,天桥街道,tianqiao,https://kaisuo.me/posts/tianqiao.html
西城区,椿树街道,chunshu,https://kaisuo.me/posts/chunshu.html
西城区,陶然亭街道,taoranting,https://kaisuo.me/posts/taoranting.html
西城区,广安门内街道,guanganmennei,https://kaisuo.me/posts/guanganmennei.html
西城区,牛街街道,niujie,https://kaisuo.me/posts/niujie.html
西城区,白纸坊街道,baizhifang,https://kaisuo.me/posts/baizhifang.html
西城区,广安门外街道,guanganmenwai,https://kaisuo.me/posts/guanganmenwai.html
朝阳区,建外街道,jianwai,https://kaisuo.me/posts/jianwai.html
朝阳区,朝外街道,chaowai,https://kaisuo.me/posts/chaowai.html
朝阳区,呼家楼街道,hujialou,https://kaisuo.me/posts/hujialou.html
朝阳区,三里屯街道,sanlitun,https://kaisuo.me/posts/sanlitun.html
朝阳区,左家庄街道,zuojiazhuang,https://kaisuo.me/posts/zuojiazhuang.html
朝阳区,香河园街道,xiangheyuan,https://kaisuo.me/posts/xiangheyuan.html
朝阳区,和平街街道,hepingjie,https://kaisuo.me/posts/hepingjie.html
朝阳区,安贞街道,anzhen,https://kaisuo.me/posts/anzhen.html
朝阳区,亚运村街道,yayuncun,https://kaisuo.me/posts/yayuncun.html
朝阳区,小关街道,xiaoguan,https://kaisuo.me/posts/xiaoguan.html
朝阳区,酒仙桥街道,jiuxianqiao,https://kaisuo.me/posts/jiuxianqiao.html
朝阳区,麦子店街道,maizidian,https://kaisuo.me/posts/maizidian.html
朝阳区,团结湖街道,tuanjiehu,https://kaisuo.me/posts/tuanjiehu.html
朝阳区,六里屯街道,liulitun,https://kaisuo.me/posts/liulitun.html
朝阳区,八里庄街道,balizhuang,https://kaisuo.me/posts/balizhuang.html
朝阳区,双井街道,shuangjing,https://kaisuo.me/posts/shuangjing.html
朝阳区,劲松街道,jingsong,https://kaisuo.me/posts/jingsong.html
朝阳区,潘家园街道,panjiayuan,https://kaisuo.me/posts/panjiayuan.html
朝阳区,垡头街道,fatou,https://kaisuo.me/posts/fatou.html
朝阳区,大屯街道,datun,https://kaisuo.me/posts/datun.html
朝阳区,望京街道,wangjing,https://kaisuo.me/posts/wangjing.html
朝阳区,奥运村街道,aoyuncun,https://kaisuo.me/posts/aoyuncun.html
朝阳区,东湖街道,donghu,https://kaisuo.me/posts/donghu.html
朝阳区,首都机场街道,shoudujichang,https://kaisuo.me/posts/shoudujichang.html
朝阳区,南磨房乡,nanmofang,https://kaisuo.me/posts/nanmofang.html
朝阳区,高碑店乡,gaobeidian,https://kaisuo.me/posts/gaobeidian.html
朝阳区,将台乡,jiangtai,https://kaisuo.me/posts/jiangtai.html
朝阳区,太阳宫乡,taiyanggong,https://kaisuo.me/posts/taiyanggong.html
朝阳区,小红门乡,xiaohongmen,https://kaisuo.me/posts/xiaohongmen.html
朝阳区,十八里店乡,shibalidian,https://kaisuo.me/posts/shibalidian.html
朝阳区,平房乡,pingfang,https://kaisuo.me/posts/pingfang.html
朝阳区,东风乡,dongfeng,https://kaisuo.me/posts/dongfeng.html
朝阳区,来广营乡,laiguangying,https://kaisuo.me/posts/laiguangying.html
朝阳区,三间房乡,sanjianfang,https://kaisuo.me/posts/sanjianfang.html
朝阳区,管庄乡,guanzhuang,https://kaisuo.me/posts/guanzhuang.html
朝阳区,金盏乡,jinzhan,https://kaisuo.me/posts/jinzhan.html
朝阳区,孙河乡,sunhe,https://kaisuo.me/posts/sunhe.html
朝阳区,崔各庄乡,cuigezhuang,https://kaisuo.me/posts/cuigezhuang.html
朝阳区,东坝乡,dongba,https://kaisuo.me/posts/dongba.html
朝阳区,黑庄户乡,heizhuanghu,https://kaisuo.me/posts/heizhuanghu.html
朝阳区,豆各庄乡,dougezhuang,https://kaisuo.me/posts/dougezhuang.html
朝阳区,王四营乡,wangsiying,https://kaisuo.me/posts/wangsiying.html
朝阳区,常营回族乡,changying,https://kaisuo.me/posts/changying.html
丰台区,右安门街道,youanmen,https://kaisuo.me/posts/youanmen.html
丰台区,太平桥街道,taipingqiao,https://kaisuo.me/posts/taipingqiao.html
丰台区,西罗园街道,xiluoyuan,https://kaisuo.me/posts/xiluoyuan.html
丰台区,大红门街道,dahongmen,https://kaisuo.me/posts/dahongmen.html
丰台区,南苑街道,nanyuan,https://kaisuo.me/posts/nanyuan.html
丰台区,东高地街道,donggaodi,https://kaisuo.me/posts/donggaodi.html
丰台区,东铁匠营街道,dongtiejiangying,https://kaisuo.me/posts/dongtiejiangying.html
丰台区,六里桥街道,liuliqiao,https://kaisuo.me/posts/liuliqiao.html
丰台区,丰台街道,fengtai,https://kaisuo.me/posts/fengtai.html
丰台区,新村街道,xincun,https://kaisuo.me/posts/xincun.html
丰台区,长辛店街道,zhangxindian,https://kaisuo.me/posts/zhangxindian.html
丰台区,云岗街道,yungang,https://kaisuo.me/posts/yungang.html
丰台区,方庄街道,fangzhuang,https://kaisuo.me/posts/fangzhuang.html
丰台区,宛平街道,wanping,https://kaisuo.me/posts/wanping.html
丰台区,马家堡街道,majiabao,https://kaisuo.me/posts/majiabao.html
丰台区,和义街道,heyi,https://kaisuo.me/posts/heyi.html
丰台区,卢沟桥街道,lugouqiao,https://kaisuo.me/posts/lugouqiao.html
丰台区,花乡街道,hua,https://kaisuo.me/posts/hua.html
丰台区,成寿寺街道,chengshousi,https://kaisuo.me/posts/chengshousi.html
丰台区,石榴庄街道,shiliuzhuang,https://kaisuo.me/posts/shiliuzhuang.html
丰台区,玉泉营街道,yuquanying,https://kaisuo.me/posts/yuquanying.html
丰台区,看丹街道,kandan,https://kaisuo.me/posts/kandan.html
丰台区,五里店街道,wulidian,https://kaisuo.me/posts/wulidian.html
丰台区,青塔街道,qingta,https://kaisuo.me/posts/qingta.html
丰台区,北宫镇,beigong,https://kaisuo.me/posts/beigong.html
丰台区,王佐镇,wangzuo,https://kaisuo.me/posts/wangzuo.html
石景山区,八宝山街道,babaoshan,https://kaisuo.me/posts/babaoshan.html
石景山区,老山街道,laoshan,https://kaisuo.me/posts/laoshan.html
石景山区,八角街道,bajiao,https://kaisuo.me/posts/bajiao.html
石景山区,古城街道,gucheng,https://kaisuo.me/posts/gucheng.html
石景山区,苹果园街道,pingguoyuan,https://kaisuo.me/posts/pingguoyuan.html
石景山区,金顶街街道,jindingjie,https://kaisuo.me/posts/jindingjie.html
石景山区,广宁街道,guangning,https://kaisuo.me/posts/guangning.html
石景山区,五里坨街道,wulituo,https://kaisuo.me/posts/wulituo.html
石景山区,鲁谷街道,lugu,https://kaisuo.me/posts/lugu.html
海淀区,万寿路街道,wanshoulu,https://kaisuo.me/posts/wanshoulu.html
海淀区,永定路街道,yongdinglu,https://kaisuo.me/posts/yongdinglu.html
海淀区,羊坊店街道,yangfangdian,https://kaisuo.me/posts/yangfangdian.html
海淀区,甘家口街道,ganjiakou,https://kaisuo.me/posts/ganjiakou.html
海淀区,八里庄街道,balizhuang2,https://kaisuo.me/posts/balizhuang2.html
海淀区,紫竹院街道,zizhuyuan,https://kaisuo.me/posts/zizhuyuan.html
海淀区,北下关街道,beixiaguan,https://kaisuo.me/posts/beixiaguan.html
海淀区,北太平庄街道,beitaipingzhuang,https://kaisuo.me/posts/beitaipingzhuang.html
海淀区,学院路街道,xueyuanlu,https://kaisuo.me/posts/xueyuanlu.html
海淀区,中关村街道,zhongguancun,https://kaisuo.me/posts/zhongguancun.html
海淀区,海淀街道,haidian,https://kaisuo.me/posts/haidian.html
海淀区,青龙桥街道,qinglongqiao,https://kaisuo.me/posts/qinglongqiao.html
海淀区,清华园街道,qinghuayuan,https://kaisuo.me/posts/qinghuayuan.html
海淀区,燕园街道,yanyuan,https://kaisuo.me/posts/yanyuan.html
海淀区,香山街道,xiangshan,https://kaisuo.me/posts/xiangshan.html
海淀区,清河街道,qinghe,https://kaisuo.me/posts/qinghe.html
海淀区,花园路街道,huayuanlu,https://kaisuo.me/posts/huayuanlu.html
海淀区,西三旗街道,xisanqi,https://kaisuo.me/posts/xisanqi.html
海淀区,马连洼街道,malianwa,https://kaisuo.me/posts/malianwa.html
海淀区,田村路街道,tiancunlu,https://kaisuo.me/posts/tiancunlu.html
海淀区,上地街道,shangdi,https://kaisuo.me/posts/shangdi.html
海淀区,曙光街道,shuguang,https://kaisuo.me/posts/shuguang.html
海淀区,海淀镇,haidian2,https://kaisuo.me/posts/haidian2.html
海淀区,东升镇,dongsheng,https://kaisuo.me/posts/dongsheng.html
海淀区,温泉镇,wenquan,https://kaisuo.me/posts/wenquan.html
海淀区,四季青镇,sijiqing,https://kaisuo.me/posts/sijiqing.html
海淀区,西北旺镇,xibeiwang,https://kaisuo.me/posts/xibeiwang.html
海淀区,苏家坨镇,sujiatuo,https://kaisuo.me/posts/sujiatuo.html
海淀区,上庄镇,shangzhuang,https://kaisuo.me/posts/shangzhuang.html
门头沟区,大峪街道,dayu,https://kaisuo.me/posts/dayu.html
门头沟区,城子街道,chengzi,https://kaisuo.me/posts/chengzi.html
门头沟区,东辛房街道,dongxinfang,https://kaisuo.me/posts/dongxinfang.html
门头沟区,大台街道,datai,https://kaisuo.me/posts/datai.html
门头沟区,王平镇,wangping,https://kaisuo.me/posts/wangping.html
门头沟区,永定镇,yongding,https://kaisuo.me/posts/yongding.html
门头沟区,龙泉镇,longquan,https://kaisuo.me/posts/longquan.html
门头沟区,潭柘寺镇,tanzhesi,https://kaisuo.me/posts/tanzhesi.html
门头沟区,军庄镇,junzhuang,https://kaisuo.me/posts/junzhuang.html
门头沟区,雁翅镇,yanchi,https://kaisuo.me/posts/yanchi.html
门头沟区,斋堂镇,zhaitang,https://kaisuo.me/posts/zhaitang.html
门头沟区,清水镇,qingshui,https://kaisuo.me/posts/qingshui.html
门头沟区,妙峰山镇,miaofengshan,https://kaisuo.me/posts/miaofengshan.html
房山区,城关街道,chengguan,https://kaisuo.me/posts/chengguan.html
房山区,新镇街道,xin,https://kaisuo.me/posts/xin.html
房山区,向阳街道,xiangyang,https://kaisuo.me/posts/xiangyang.html
房山区,东风街道,dongfeng2,https://kaisuo.me/posts/dongfeng2.html
房山区,迎风街道,yingfeng,https://kaisuo.me/posts/yingfeng.html
房山区,星城街道,xingcheng,https://kaisuo.me/posts/xingcheng.html
房山区,拱辰街道,gongchen,https://kaisuo.me/posts/gongchen.html
房山区,西潞街道,xilu,https://kaisuo.me/posts/xilu.html
房山区,良乡镇,liang,https://kaisuo.me/posts/liang.html
房山区,周口店镇,zhoukoudian,https://kaisuo.me/posts/zhoukoudian.html
房山区,琉璃河镇,liulihe,https://kaisuo.me/posts/liulihe.html
房山区,阎村镇,yancun,https://kaisuo.me/posts/yancun.html
房山区,窦店镇,doudian,https://kaisuo.me/posts/doudian.html
房山区,石楼镇,shilou,https://kaisuo.me/posts/shilou.html
房山区,长阳镇,zhangyang,https://kaisuo.me/posts/zhangyang.html
房山区,河北镇,hebei,https://kaisuo.me/posts/hebei.html
房山区,长沟镇,zhanggou,https://kaisuo.me/posts/zhanggou.html
房山区,大石窝镇,dashiwo,https://kaisuo.me/posts/dashiwo.html
房山区,张坊镇,zhangfang,https://kaisuo.me/posts/zhangfang.html
房山区,青龙湖镇,qinglonghu,https://kaisuo.me/posts/qinglonghu.html
房山区,韩村河镇,hancunhe,https://kaisuo.me/posts/hancunhe.html
房山区,霞云岭乡,xiayunling,https://kaisuo.me/posts/xiayunling.html
房山区,南窖乡,nanjiao,https://kaisuo.me/posts/nanjiao.html
房山区,佛子庄乡,fuzizhuang,https://kaisuo.me/posts/fuzizhuang.html
房山区,大安山乡,daanshan,https://kaisuo.me/posts/daanshan.html
房山区,史家营乡,shijiaying,https://kaisuo.me/posts/shijiaying.html
房山区,蒲洼乡,puwa,https://kaisuo.me/posts/puwa.html
通州区,中仓街道,zhongcang,https://kaisuo.me/posts/zhongcang.html
通州区,新华街道,xinhua,https://kaisuo.me/posts/xinhua.html
通州区,北苑街道,beiyuan,https://kaisuo.me/posts/beiyuan.html
通州区,玉桥街道,yuqiao,https://kaisuo.me/posts/yuqiao.html
通州区,潞源街道,luyuan,https://kaisuo.me/posts/luyuan.html
通州区,通运街道,tongyun,https://kaisuo.me/posts/tongyun.html
通州区,文景街道,wenjing,https://kaisuo.me/posts/wenjing.html
通州区,九棵树街道,jiukeshu,https://kaisuo.me/posts/jiukeshu.html
通州区,临河里街道,linheli,https://kaisuo.me/posts/linheli.html
通州区,杨庄街道,yangzhuang,https://kaisuo.me/posts/yangzhuang.html
通州区,潞邑街道,luyi,https://kaisuo.me/posts/luyi.html
通州区,宋庄镇,songzhuang,https://kaisuo.me/posts/songzhuang.html
通州区,张家湾镇,zhangjiawan,https://kaisuo.me/posts/zhangjiawan.html
通州区,漷县镇,huoxian,https://kaisuo.me/posts/huoxian.html
通州区,马驹桥镇,majuqiao,https://kaisuo.me/posts/majuqiao.html
通州区,西集镇,xiji,https://kaisuo.me/posts/xiji.html
通州区,台湖镇,taihu,https://kaisuo.me/posts/taihu.html
通州区,永乐店镇,yongledian,https://kaisuo.me/posts/yongledian.html
通州区,潞城镇,lucheng,https://kaisuo.me/posts/lucheng.html
通州区,永顺镇,yongshun,https://kaisuo.me/posts/yongshun.html
通州区,梨园镇,liyuan,https://kaisuo.me/posts/liyuan.html
通州区,于家务回族乡,yujiawu,https://kaisuo.me/posts/yujiawu.html
顺义区,胜利街道,shengli,https://kaisuo.me/posts/shengli.html
顺义区,光明街道,guangming,https://kaisuo.me/posts/guangming.html
顺义区,石园街道,shiyuan,https://kaisuo.me/posts/shiyuan.html
顺义区,空港街道,konggang,https://kaisuo.me/posts/konggang.html
顺义区,双丰街道,shuangfeng,https://kaisuo.me/posts/shuangfeng.html
顺义区,旺泉街道,wangquan,https://kaisuo.me/posts/wangquan.html
顺义区,仁和镇,renhe,https://kaisuo.me/posts/renhe.html
顺义区,后沙峪镇,houshayu,https://kaisuo.me/posts/houshayu.html
顺义区,天竺镇,tianzhu,https://kaisuo.me/posts/tianzhu.html
顺义区,杨镇,yang,https://kaisuo.me/posts/yang.html
顺义区,牛栏山镇,niulanshan,https://kaisuo.me/posts/niulanshan.html
顺义区,南法信镇,nanfaxin,https://kaisuo.me/posts/nanfaxin.html
顺义区,马坡镇,mapo,https://kaisuo.me/posts/mapo.html
顺义区,高丽营镇,gaoliying,https://kaisuo.me/posts/gaoliying.html
顺义区,李桥镇,liqiao,https://kaisuo.me/posts/liqiao.html
顺义区,李遂镇,lisui,https://kaisuo.me/posts/lisui.html
顺义区,大孙各庄镇,dasungezhuang,https://kaisuo.me/posts/dasungezhuang.html
顺义区,张镇,zhang,https://kaisuo.me/posts/zhang.html
顺义区,龙湾屯镇,longwantun,https://kaisuo.me/posts/longwantun.html
顺义区,木林镇,mulin,https://kaisuo.me/posts/mulin.html
顺义区,北小营镇,beixiaoying,https://kaisuo.me/posts/beixiaoying.html
顺义区,北石槽镇,beishicao,https://kaisuo.me/posts/beishicao.html
顺义区,赵全营镇,zhaoquanying,https://kaisuo.me/posts/zhaoquanying.html
昌平区,城北街道,chengbei,https://kaisuo.me/posts/chengbei.html
昌平区,城南街道,chengnan,https://kaisuo.me/posts/chengnan.html
昌平区,天通苑北街道,tiantongyuanbei,https://kaisuo.me/posts/tiantongyuanbei.html
昌平区,天通苑南街道,tiantongyuannan,https://kaisuo.me/posts/tiantongyuannan.html
昌平区,霍营街道,huoying,https://kaisuo.me/posts/huoying.html
昌平区,回龙观街道,huilongguan,https://kaisuo.me/posts/huilongguan.html
昌平区,龙泽园街道,longzeyuan,https://kaisuo.me/posts/longzeyuan.html
昌平区,史各庄街道,shigezhuang,https://kaisuo.me/posts/shigezhuang.html
昌平区,南口镇,nankou,https://kaisuo.me/posts/nankou.html
昌平区,马池口镇,machikou,https://kaisuo.me/posts/machikou.html
昌平区,沙河镇,shahe,https://kaisuo.me/posts/shahe.html
昌平区,东小口镇,dongxiaokou,https://kaisuo.me/posts/dongxiaokou.html
昌平区,阳坊镇,yangfang,https://kaisuo.me/posts/yangfang.html
昌平区,小汤山镇,xiaotangshan,https://kaisuo.me/posts/xiaotangshan.html
昌平区,南邵镇,nanshao,https://kaisuo.me/posts/nanshao.html
昌平区,崔村镇,cuicun,https://kaisuo.me/posts/cuicun.html
昌平区,百善镇,baishan,https://kaisuo.me/posts/baishan.html
昌平区,北七家镇,beiqijia,https://kaisuo.me/posts/beiqijia.html
昌平区,兴寿镇,xingshou,https://kaisuo.me/posts/xingshou.html
昌平区,流村镇,liucun,https://kaisuo.me/posts/liucun.html
昌平区,十三陵镇,shisanling,https://kaisuo.me/posts/shisanling.html
昌平区,延寿镇,yanshou,https://kaisuo.me/posts/yanshou.html
大兴区,兴丰街道,xingfeng,https://kaisuo.me/posts/xingfeng.html
大兴区,林校路街道,linxiaolu,https://kaisuo.me/posts/linxiaolu.html
大兴区,清源街道,qingyuan,https://kaisuo.me/posts/qingyuan.html
大兴区,观音寺街道,guanyinsi,https://kaisuo.me/posts/guanyinsi.html
大兴区,天宫院街道,tiangongyuan,https://kaisuo.me/posts/tiangongyuan.html
大兴区,高米店街道,gaomidian,https://kaisuo.me/posts/gaomidian.html
大兴区,荣华街道,ronghua,https://kaisuo.me/posts/ronghua.html
大兴区,博兴街道,boxing,https://kaisuo.me/posts/boxing.html
大兴区,亦庄镇,yizhuang,https://kaisuo.me/posts/yizhuang.html
大兴区,黄村镇,huangcun,https://kaisuo.me/posts/huangcun.html
大兴区,旧宫镇,jiugong,https://kaisuo.me/posts/jiugong.html
大兴区,西红门镇,xihongmen,https://kaisuo.me/posts/xihongmen.html
大兴区,瀛海镇,yinghai,https://kaisuo.me/posts/yinghai.html
大兴区,青云店镇,qingyundian,https://kaisuo.me/posts/qingyundian.html
大兴区,采育镇,caiyu,https://kaisuo.me/posts/caiyu.html
大兴区,安定镇,anding,https://kaisuo.me/posts/anding.html
大兴区,礼贤镇,lixian,https://kaisuo.me/posts/lixian.html
大兴区,榆垡镇,yufa,https://kaisuo.me/posts/yufa.html
大兴区,庞各庄镇,panggezhuang,https://kaisuo.me/posts/panggezhuang.html
大兴区,北臧村镇,beizangcun,https://kaisuo.me/posts/beizangcun.html
大兴区,魏善庄镇,weishanzhuang,https://kaisuo.me/posts/weishanzhuang.html
大兴区,长子营镇,zhangziying,https://kaisuo.me/posts/zhangziying.html
怀柔区,泉河街道,quanhe,https://kaisuo.me/posts/quanhe.html
怀柔区,龙山街道,longshan,https://kaisuo.me/posts/longshan.html
怀柔区,怀柔镇,huairou,https://kaisuo.me/posts/huairou.html
怀柔区,雁栖镇,yanqi,https://kaisuo.me/posts/yanqi.html
怀柔区,庙城镇,miaocheng,https://kaisuo.me/posts/miaocheng.html
怀柔区,北房镇,beifang,https://kaisuo.me/posts/beifang.html
怀柔区,杨宋镇,yangsong,https://kaisuo.me/posts/yangsong.html
怀柔区,桥梓镇,qiaozi,https://kaisuo.me/posts/qiaozi.html
怀柔区,怀北镇,huaibei,https://kaisuo.me/posts/huaibei.html
怀柔区,汤河口镇,tanghekou,https://kaisuo.me/posts/tanghekou.html
怀柔区,渤海镇,bohai,https://kaisuo.me/posts/bohai.html
怀柔区,九渡河镇,jiuduhe,https://kaisuo.me/posts/jiuduhe.html
怀柔区,琉璃庙镇,liulimiao,https://kaisuo.me/posts/liulimiao.html
怀柔区,宝山镇,baoshan,https://kaisuo.me/posts/baoshan.html
怀柔区,长哨营满族乡,zhangshaoying,https://kaisuo.me/posts/zhangshaoying.html
怀柔区,喇叭沟门满族乡,labagoumen,https://kaisuo.me/posts/labagoumen.html
平谷区,滨河街道,binhe,https://kaisuo.me/posts/binhe.html
平谷区,兴谷街道,xinggu,https://kaisuo.me/posts/xinggu.html
平谷区,平谷镇,pinggu,https://kaisuo.me/posts/pinggu.html
平谷区,峪口镇,yukou,https://kaisuo.me/posts/yukou.html
平谷区,马坊镇,mafang,https://kaisuo.me/posts/mafang.html
平谷区,金海湖镇,jinhaihu,https://kaisuo.me/posts/jinhaihu.html
平谷区,东高村镇,donggaocun,https://kaisuo.me/posts/donggaocun.html
平谷区,山东庄镇,shandongzhuang,https://kaisuo.me/posts/shandongzhuang.html
平谷区,南独乐河镇,nandulehe,https://kaisuo.me/posts/nandulehe.html
平谷区,大华山镇,dahuashan,https://kaisuo.me/posts/dahuashan.html
平谷区,夏各庄镇,xiagezhuang,https://kaisuo.me/posts/xiagezhuang.html
平谷区,马昌营镇,machangying,https://kaisuo.me/posts/machangying.html
平谷区,王辛庄镇,wangxinzhuang,https://kaisuo.me/posts/wangxinzhuang.html
平谷区,大兴庄镇,daxingzhuang,https://kaisuo.me/posts/daxingzhuang.html
平谷区,刘家店镇,liujiadian,https://kaisuo.me/posts/liujiadian.html
平谷区,镇罗营镇,luoying,https://kaisuo.me/posts/luoying.html
平谷区,黄松峪乡,huangsongyu,https://kaisuo.me/posts/huangsongyu.html
平谷区,熊儿寨乡,xiongerzhai,https://kaisuo.me/posts/xiongerzhai.html
密云区,鼓楼街道,gulou,https://kaisuo.me/posts/gulou.html
密云区,果园街道,guoyuan,https://kaisuo.me/posts/guoyuan.html
密云区,密云镇,miyun,https://kaisuo.me/posts/miyun.html
密云区,溪翁庄镇,xiwengzhuang,https://kaisuo.me/posts/xiwengzhuang.html
密云区,西田各庄镇,xitiangezhuang,https://kaisuo.me/posts/xitiangezhuang.html
密云区,十里堡镇,shilipu,https://kaisuo.me/posts/shilipu.html
密云区,河南寨镇,henanzhai,https://kaisuo.me/posts/henanzhai.html
密云区,巨各庄镇,jugezhuang,https://kaisuo.me/posts/jugezhuang.html
密云区,穆家峪镇,mujiayu,https://kaisuo.me/posts/mujiayu.html
密云区,太师屯镇,taishitun,https://kaisuo.me/posts/taishitun.html
密云区,高岭镇,gaoling,https://kaisuo.me/posts/gaoling.html
密云区,不老屯镇,bulaotun,https://kaisuo.me/posts/bulaotun.html
密云区,冯家峪镇,fengjiayu,https://kaisuo.me/posts/fengjiayu.html
密云区,古北口镇,gubeikou,https://kaisuo.me/posts/gubeikou.html
密云区,大城子镇,dachengzi,https://kaisuo.me/posts/dachengzi.html
密云区,东邵渠镇,dongshaoqu,https://kaisuo.me/posts/dongshaoqu.html
密云区,北庄镇,beizhuang,https://kaisuo.me/posts/beizhuang.html
密云区,新城子镇,xinchengzi,https://kaisuo.me/posts/xinchengzi.html
密云区,石城镇,shicheng,https://kaisuo.me/posts/shicheng.html
密云区,檀营满族蒙古族乡,tanying,https://kaisuo.me/posts/tanying.html
延庆区,百泉街道,baiquan,https://kaisuo.me/posts/baiquan.html
延庆区,香水园街道,xiangshuiyuan,https://kaisuo.me/posts/xiangshuiyuan.html
延庆区,儒林街道,rulin,https://kaisuo.me/posts/rulin.html
延庆区,延庆镇,yanqing,https://kaisuo.me/posts/yanqing.html
延庆区,康庄镇,kangzhuang,https://kaisuo.me/posts/kangzhuang.html
延庆区,八达岭镇,badaling,https://kaisuo.me/posts/badaling.html
延庆区,永宁镇,yongning,https://kaisuo.me/posts/yongning.html
延庆区,旧县镇,jiuxian,https://kaisuo.me/posts/jiuxian.html
延庆区,张山营镇,zhangshanying,https://kaisuo.me/posts/zhangshanying.html
延庆区,四海镇,sihai,https://kaisuo.me/posts/sihai.html
延庆区,千家店镇,qianjiadian,https://kaisuo.me/posts/qianjiadian.html
延庆区,沈家营镇,shenjiaying,https://kaisuo.me/posts/shenjiaying.html
延庆区,大榆树镇,dayushu,https://kaisuo.me/posts/dayushu.html
延庆区,井庄镇,jingzhuang,https://kaisuo.me/posts/jingzhuang.html
延庆区,大庄科乡,dazhuangke,https://kaisuo.me/posts/dazhuangke.html
延庆区,刘斌堡乡,liubinbao,https://kaisuo.me/posts/liubinbao.html
延庆区,香营乡,xiangying,https://kaisuo.me/posts/xiangying.html
延庆区,珍珠泉乡,zhenzhuquan,https://kaisuo.me/posts/zhenzhuquan.html
